{"self_consumption_rate": 87.85438996127354, "autarky_rate": 23.12539954932978, "injection": 589.0791674722308, "economic_cost": 18991.053307387323, "co2_cost": 7960.23419524294}