{"self_consumption_rate": 91.38933907298231, "autarky_rate": 9.683384147138435, "injection": 202.87809207608794, "economic_cost": 21910.28947785532, "co2_cost": 9239.227727183143}