{"self_consumption_rate": 95.4082650981256, "autarky_rate": 5.082364300624705, "injection": 54.09354892192382, "economic_cost": 22833.01399440098, "co2_cost": 9642.311378813369}