{"self_consumption_rate": 79.19634887044134, "autarky_rate": 20.846393803250756, "injection": 1225.4010131029565, "economic_cost": 19437.407194890147, "co2_cost": 8186.668011240195}