{"self_consumption_rate": 82.106047641116, "autarky_rate": 21.612296869332106, "injection": 1023.3103402777476, "economic_cost": 19286.22577887701, "co2_cost": 8110.570636656927}